,design,n,mpnn,plddt,ptm,pae,rmsd,seq
0,0,0,0.9350474530568517,0.8132075071334839,0.6442221403121948,4.992228701710701,4.812306880950928,NTTVFQGVAGQSLQVSCPYDSMKHWGRRKAWCRQLGEKGPCQRVVSTHNLWLLSFLRRWNGSTAITDDTLGGTLTITLRNLQPHDAGLYQCQSLHGSEADTLRKVLVEVLADPLDHRD/EVQLLESGGGLVQPGGSLRLSCAASGFTFSTATFGWVRQAPGKGLEWVSGITASGTVLPSGVAHAERFTISRDNSKNTLYLQMNSLRAEDTAVYYCARASGGGPIHDLTLEHWGQGTLVTVSSDIQMTQSPSSLSASVGDRVTITCRASQSISSYLNWYQQKPGKAPKLLIYGGGGALHPGVPSRFSGSGSGTDFTLTISSLQPEDFATYYCQQSRSGLHTFGQGTKLEIK
1,0,1,0.981237200289119,0.7915177941322327,0.6279152035713196,5.7651728093624115,3.729276657104492,NTTVFQGVAGQSLQVSCPYDSMKHWGRRKAWCRQLGEKGPCQRVVSTHNLWLLSFLRRWNGSTAITDDTLGGTLTITLRNLQPHDAGLYQCQSLHGSEADTLRKVLVEVLADPLDHRD/EVQLLESGGGLVQPGGSLRLSCAASGFTFSTATFGWVRQAPGKGLEWVSGITASGTVLPSTLPHADRFTISRDNSKNTLYLQMNSLRAEDTAVYYCARYSGGGPIHDLTLTDWGQGTLVTVSSDIQMTQSPSSLSASVGDRVTITCRASQSISSYLNWYQQKPGKAPKLLIYGGGGALDSGVPSRFSGSGSGTDFTLTISSLQPEDFATYYCQQSRSGLHTFGQGTKLEIK
2,0,2,0.9655264151543536,0.807305634021759,0.63260418176651,5.4229031801223755,4.99036169052124,NTTVFQGVAGQSLQVSCPYDSMKHWGRRKAWCRQLGEKGPCQRVVSTHNLWLLSFLRRWNGSTAITDDTLGGTLTITLRNLQPHDAGLYQCQSLHGSEADTLRKVLVEVLADPLDHRD/EVQLLESGGGLVQPGGSLRLSCAASGFTFSTANFGWVRQAPGKGLEWVSGITASGTVLPSTVPNASRFTISRDNSKNTLYLQMNSLRAEDTAVYYCARYSGGGPIHDLTLEHWGQGTLVTVSSDIQMTQSPSSLSASVGDRVTITCRASQSISSYLNWYQQKPGKAPKLLIYGGGGALHPGVPSRFSGSGSGTDFTLTISSLQPEDFATYYCQQSRSGLHTFGQGTKLEIK
3,0,3,0.95594125066917,0.8089040517807007,0.6376781463623047,5.102826341986656,5.149144172668457,NTTVFQGVAGQSLQVSCPYDSMKHWGRRKAWCRQLGEKGPCQRVVSTHNLWLLSFLRRWNGSTAITDDTLGGTLTITLRNLQPHDAGLYQCQSLHGSEADTLRKVLVEVLADPLDHRD/EVQLLESGGGLVQPGGSLRLSCAASGFTFSTATFGWVRQAPGKGLEWVSGITASGTVLPSTVANASRFTISRDNSKNTLYLQMNSLRAEDTAVYYCARANGGGPIHDLTLEDWGQGTLVTVSSDIQMTQSPSSLSASVGDRVTITCRASQSISSYLNWYQQKPGKAPKLLIYGGGGALHPGVPSRFSGSGSGTDFTLTISSLQPEDFATYYCQQSRSGLHTFGQGTKLEIK
4,1,0,1.0265278786797105,0.8106258511543274,0.6422305703163147,5.135490760207176,4.652169704437256,NTTVFQGVAGQSLQVSCPYDSMKHWGRRKAWCRQLGEKGPCQRVVSTHNLWLLSFLRRWNGSTAITDDTLGGTLTITLRNLQPHDAGLYQCQSLHGSEADTLRKVLVEVLADPLDHRD/EVQLLESGGGLVQPGGSLRLSCAASGFTFSQASFGWVRQAPGKGLEWVSSISANGNYVVVHPRYAGRFTISRDNSKNTLYLQMNSLRAEDTAVYYCARFDIGGGWNSQATSHWGQGTLVTVSSDIQMTQSPSSLSASVGDRVTITCRASQSISSYLNWYQQKPGKAPKLLIYGGGGARAPGVPSRFSGSGSGTDFTLTISSLQPEDFATYYCQQSRSGLHTFGQGTKLEIK
5,1,1,1.0086432208808684,0.8158468008041382,0.6421810388565063,5.007653206586838,5.25684118270874,NTTVFQGVAGQSLQVSCPYDSMKHWGRRKAWCRQLGEKGPCQRVVSTHNLWLLSFLRRWNGSTAITDDTLGGTLTITLRNLQPHDAGLYQCQSLHGSEADTLRKVLVEVLADPLDHRD/EVQLLESGGGLVQPGGSLRLSCAASGFTFSQASFSWVRQAPGKGLEWVSSISANGNYVTVAPRYAGRFTISRDNSKNTLYLQMNSLRAEDTAVYYCARHDIGGGWNERVTSHWGQGTLVTVSSDIQMTQSPSSLSASVGDRVTITCRASQSISSYLNWYQQKPGKAPKLLIYNGGGSLAPGVPSRFSGSGSGTDFTLTISSLQPEDFATYYCQQSRSGLHTFGQGTKLEIK
6,1,2,1.0165772669416213,0.8126506805419922,0.6452981233596802,5.147635981440544,5.132356643676758,NTTVFQGVAGQSLQVSCPYDSMKHWGRRKAWCRQLGEKGPCQRVVSTHNLWLLSFLRRWNGSTAITDDTLGGTLTITLRNLQPHDAGLYQCQSLHGSEADTLRKVLVEVLADPLDHRD/EVQLLESGGGLVQPGGSLRLSCAASGFTFSQASFGWVRQAPGKGLEWVSSISANGNYTVVHPKYRGRFTISRDNSKNTLYLQMNSLRAEDTAVYYCARYDIGGSWNSRATSHWGQGTLVTVSSDIQMTQSPSSLSASVGDRVTITCRASQSISSYLNWYQQKPGKAPKLLIYGGGGARAPGVPSRFSGSGSGTDFTLTISSLQPEDFATYYCQQSRSGLHTFGQGTKLEIK
7,1,3,1.018069403183997,0.8143766522407532,0.6418617963790894,5.053413972258568,5.1770853996276855,NTTVFQGVAGQSLQVSCPYDSMKHWGRRKAWCRQLGEKGPCQRVVSTHNLWLLSFLRRWNGSTAITDDTLGGTLTITLRNLQPHDAGLYQCQSLHGSEADTLRKVLVEVLADPLDHRD/EVQLLESGGGLVQPGGSLRLSCAASGFTFSTASFGWVRQAPGKGLEWVSSISANGSYVVTHPRYAGRFTISRDNSKNTLYLQMNSLRAEDTAVYYCARYDIGGGWNSLATSAWGQGTLVTVSSDIQMTQSPSSLSASVGDRVTITCRASQSISSYLNWYQQKPGKAPKLLIYNGGGSRAPGVPSRFSGSGSGTDFTLTISSLQPEDFATYYCQQSRSGLHTFGQGTKLEIK
8,2,0,1.050526870853184,0.794204592704773,0.6316875219345093,6.111035838723183,4.729841232299805,NTTVFQGVAGQSLQVSCPYDSMKHWGRRKAWCRQLGEKGPCQRVVSTHNLWLLSFLRRWNGSTAITDDTLGGTLTITLRNLQPHDAGLYQCQSLHGSEADTLRKVLVEVLADPLDHRD/EVQLLESGGGLVQPGGSLRLSCAASGFTFSTQEASWVRQAPGKGLEWVSSIVGSSSVAITRDPEAKRFTISRDNSKNTLYLQMNSLRAEDTAVYYCARSAYGFYGNIRGDVVWGQGTLVTVSSDIQMTQSPSSLSASVGDRVTITCRASQSISSYLNWYQQKPGKAPKLLIYGASGERAAGVPSRFSGSGSGTDFTLTISSLQPEDFATYYCQQSRSGLHTFGQGTKLEIK
9,2,1,1.00994995535173,0.8029065132141113,0.6278558969497681,5.773054823279381,4.898691654205322,NTTVFQGVAGQSLQVSCPYDSMKHWGRRKAWCRQLGEKGPCQRVVSTHNLWLLSFLRRWNGSTAITDDTLGGTLTITLRNLQPHDAGLYQCQSLHGSEADTLRKVLVEVLADPLDHRD/EVQLLESGGGLVQPGGSLRLSCAASGFTFSEQEASWVRQAPGKGLEWVSSIRGASSVAVTRDPESKRFTISRDNSKNTLYLQMNSLRAEDTAVYYCARSRYGFGGNVRGDVVWGQGTLVTVSSDIQMTQSPSSLSASVGDRVTITCRASQSISSYLNWYQQKPGKAPKLLIYGPSGALAAGVPSRFSGSGSGTDFTLTISSLQPEDFATYYCQQSRSGLHTFGQGTKLEIK
10,2,2,0.9805539398850234,0.7911509275436401,0.6255851984024048,6.076800838112831,5.771938323974609,NTTVFQGVAGQSLQVSCPYDSMKHWGRRKAWCRQLGEKGPCQRVVSTHNLWLLSFLRRWNGSTAITDDTLGGTLTITLRNLQPHDAGLYQCQSLHGSEADTLRKVLVEVLADPLDHRD/EVQLLESGGGLVQPGGSLRLSCAASGFTFSEVEASWVRQAPGKGLEWVSSIRGASSVAVVRDPAAGRFTISRDNSKNTLYLQMNSLRAEDTAVYYCARSAYGFGGNVRGDVVWGQGTLVTVSSDIQMTQSPSSLSASVGDRVTITCRASQSISSYLNWYQQKPGKAPKLLIYGPSGALAPGVPSRFSGSGSGTDFTLTISSLQPEDFATYYCQQSRSGLHTFGQGTKLEIK
11,2,3,1.0317014422970865,0.7905418276786804,0.6294896006584167,6.115969777107239,5.233302116394043,NTTVFQGVAGQSLQVSCPYDSMKHWGRRKAWCRQLGEKGPCQRVVSTHNLWLLSFLRRWNGSTAITDDTLGGTLTITLRNLQPHDAGLYQCQSLHGSEADTLRKVLVEVLADPLDHRD/EVQLLESGGGLVQPGGSLRLSCAASGFTFSEVESSWVRQAPGKGLEWVSSIVGASSVAVTRDPAAKRFTISRDNSKNTLYLQMNSLRAEDTAVYYCARSFYGFFGNVRGDVVWGQGTLVTVSSDIQMTQSPSSLSASVGDRVTITCRASQSISSYLNWYQQKPGKAPKLLIYGPSGTLASGVPSRFSGSGSGTDFTLTISSLQPEDFATYYCQQSRSGLHTFGQGTKLEIK
12,3,0,1.0107294088472396,0.8048383593559265,0.6408296227455139,5.647932529449463,12.045315742492676,NTTVFQGVAGQSLQVSCPYDSMKHWGRRKAWCRQLGEKGPCQRVVSTHNLWLLSFLRRWNGSTAITDDTLGGTLTITLRNLQPHDAGLYQCQSLHGSEADTLRKVLVEVLADPLDHRD/EVQLLESGGGLVQPGGSLRLSCAASGFTFSEAAFEWVRQAPGKGLEWVSRLLPGDSTAYNAGPSDGRFTISRDNSKNTLYLQMNSLRAEDTAVYYCARVSIYSSYNSVSDTVWGQGTLVTVSSDIQMTQSPSSLSASVGDRVTITCRASQSISSYLNWYQQKPGKAPKLLIYNGGGSLAPGVPSRFSGSGSGTDFTLTISSLQPEDFATYYCQQSRSGLHTFGQGTKLEIK
13,3,1,1.0182574145213648,0.8159367442131042,0.6294189691543579,5.200786337256432,8.324162483215332,NTTVFQGVAGQSLQVSCPYDSMKHWGRRKAWCRQLGEKGPCQRVVSTHNLWLLSFLRRWNGSTAITDDTLGGTLTITLRNLQPHDAGLYQCQSLHGSEADTLRKVLVEVLADPLDHRD/EVQLLESGGGLVQPGGSLRLSCAASGFTFSQASFEWVRQAPGKGLEWVSRLLPGQSTAINAGPSDGRFTISRDNSKNTLYLQMNSLRAEDTAVYYCARVSIASSTNVVSDTVWGQGTLVTVSSDIQMTQSPSSLSASVGDRVTITCRASQSISSYLNWYQQKPGKAPKLLIYNGGNSLAPGVPSRFSGSGSGTDFTLTISSLQPEDFATYYCQQSRSGLHTFGQGTKLEIK
14,3,2,1.0249031759501177,0.8065887093544006,0.6339810490608215,5.507930353283882,6.711522102355957,NTTVFQGVAGQSLQVSCPYDSMKHWGRRKAWCRQLGEKGPCQRVVSTHNLWLLSFLRRWNGSTAITDDTLGGTLTITLRNLQPHDAGLYQCQSLHGSEADTLRKVLVEVLADPLDHRD/EVQLLESGGGLVQPGGSLRLSCAASGFTFSQAAFQWVRQAPGKGLEWVSTLFPGQSQALSAGPSDGRFTISRDNSKNTLYLQMNSLRAEDTAVYYCARVSIASSYNSVSDTVWGQGTLVTVSSDIQMTQSPSSLSASVGDRVTITCRASQSISSYLNWYQQKPGKAPKLLIYNGGGALAAGVPSRFSGSGSGTDFTLTISSLQPEDFATYYCQQSRSGLHTFGQGTKLEIK
15,3,3,1.025998566743821,0.8129506707191467,0.6408315896987915,5.199893414974213,9.669517517089844,NTTVFQGVAGQSLQVSCPYDSMKHWGRRKAWCRQLGEKGPCQRVVSTHNLWLLSFLRRWNGSTAITDDTLGGTLTITLRNLQPHDAGLYQCQSLHGSEADTLRKVLVEVLADPLDHRD/EVQLLESGGGLVQPGGSLRLSCAASGFTFSEATFQWVRQAPGKGLEWVSTLYPGQSEAITAGPSDGRFTISRDNSKNTLYLQMNSLRAEDTAVYYCARVSISSSYNSVSDTVWGQGTLVTVSSDIQMTQSPSSLSASVGDRVTITCRASQSISSYLNWYQQKPGKAPKLLIYNGGNAIAPGVPSRFSGSGSGTDFTLTISSLQPEDFATYYCQQSRSGLHTFGQGTKLEIK
16,4,0,1.0901785527672259,0.7978504300117493,0.6323223114013672,5.527277156710625,9.95118522644043,NTTVFQGVAGQSLQVSCPYDSMKHWGRRKAWCRQLGEKGPCQRVVSTHNLWLLSFLRRWNGSTAITDDTLGGTLTITLRNLQPHDAGLYQCQSLHGSEADTLRKVLVEVLADPLDHRD/EVQLLESGGGLVQPGGSLRLSCAASGFTFSTATASWVRQAPGKGLEWVSTLYPGQERVDVYVDGEVRFTISRDNSKNTLYLQMNSLRAEDTAVYYCARWGAAVSSGGALDPVWGQGTLVTVSSDIQMTQSPSSLSASVGDRVTITCRASQSISSYLNWYQQKPGKAPKLLIYGGGGTVASGVPSRFSGSGSGTDFTLTISSLQPEDFATYYCQQSRSGLHTFGQGTKLEIK
17,4,1,1.0720631662351674,0.7999199032783508,0.6370250582695007,5.591178610920906,12.116243362426758,NTTVFQGVAGQSLQVSCPYDSMKHWGRRKAWCRQLGEKGPCQRVVSTHNLWLLSFLRRWNGSTAITDDTLGGTLTITLRNLQPHDAGLYQCQSLHGSEADTLRKVLVEVLADPLDHRD/EVQLLESGGGLVQPGGSLRLSCAASGFTFSTATASWVRQAPGKGLEWVSTLYPGESTREVYVDGEVRFTISRDNSKNTLYLQMNSLRAEDTAVYYCARYGAARSSGGALNPVWGQGTLVTVSSDIQMTQSPSSLSASVGDRVTITCRASQSISSYLNWYQQKPGKAPKLLIYGGGGAVAEGVPSRFSGSGSGTDFTLTISSLQPEDFATYYCQQSRSGLHTFGQGTKLEIK
18,4,2,1.0893689355961764,0.7963551878929138,0.6316483616828918,5.6364585012197495,12.713028907775879,NTTVFQGVAGQSLQVSCPYDSMKHWGRRKAWCRQLGEKGPCQRVVSTHNLWLLSFLRRWNGSTAITDDTLGGTLTITLRNLQPHDAGLYQCQSLHGSEADTLRKVLVEVLADPLDHRD/EVQLLESGGGLVQPGGSLRLSCAASGFTFSTATASWVRQAPGKGLEWVSTLYPGEKERRVYVDGEERFTISRDNSKNTLYLQMNSLRAEDTAVYYCARFGGAVSSGGTINPVWGQGTLVTVSSDIQMTQSPSSLSASVGDRVTITCRASQSISSYLNWYQQKPGKAPKLLIYGGGGTVAEGVPSRFSGSGSGTDFTLTISSLQPEDFATYYCQQSRSGLHTFGQGTKLEIK
19,4,3,1.0724905730242973,0.7971678972244263,0.6311233639717102,5.588249012827873,12.496814727783203,NTTVFQGVAGQSLQVSCPYDSMKHWGRRKAWCRQLGEKGPCQRVVSTHNLWLLSFLRRWNGSTAITDDTLGGTLTITLRNLQPHDAGLYQCQSLHGSEADTLRKVLVEVLADPLDHRD/EVQLLESGGGLVQPGGSLRLSCAASGFTFSTATAAWVRQAPGKGLEWVSTLYPGEKEVDVYVDGEKRFTISRDNSKNTLYLQMNSLRAEDTAVYYCARFGGGAYSGDTINPVWGQGTLVTVSSDIQMTQSPSSLSASVGDRVTITCRASQSISSYLNWYQQKPGKAPKLLIYGGGGTVAEGVPSRFSGSGSGTDFTLTISSLQPEDFATYYCQQSRSGLHTFGQGTKLEIK
20,5,0,1.0186649567079766,0.8142303228378296,0.6359695792198181,5.108700320124626,7.231390953063965,NTTVFQGVAGQSLQVSCPYDSMKHWGRRKAWCRQLGEKGPCQRVVSTHNLWLLSFLRRWNGSTAITDDTLGGTLTITLRNLQPHDAGLYQCQSLHGSEADTLRKVLVEVLADPLDHRD/EVQLLESGGGLVQPGGSLRLSCAASGFTFSTETASWVRQAPGKGLEWVSTIYPSGIVTLAPRYQDGRFTISRDNSKNTLYLQMNSLRAEDTAVYYCAREGGAAPGQQPTSSAWGQGTLVTVSSDIQMTQSPSSLSASVGDRVTITCRASQSISSYLNWYQQKPGKAPKLLIYLGSGSLASGVPSRFSGSGSGTDFTLTISSLQPEDFATYYCQQSRSGLHTFGQGTKLEIK
21,5,1,1.0024223664021241,0.8057528734207153,0.6346967220306396,5.4341901242733,6.239813804626465,NTTVFQGVAGQSLQVSCPYDSMKHWGRRKAWCRQLGEKGPCQRVVSTHNLWLLSFLRRWNGSTAITDDTLGGTLTITLRNLQPHDAGLYQCQSLHGSEADTLRKVLVEVLADPLDHRD/EVQLLESGGGLVQPGGSLRLSCAASGFTFSTETARWVRQAPGKGLEWVSTIYPSGITVLAPRYQDGRFTISRDNSKNTLYLQMNSLRAEDTAVYYCAREGAAAPGQQPTLSAWGQGTLVTVSSDIQMTQSPSSLSASVGDRVTITCRASQSISSYLNWYQQKPGKAPKLLIYLGSGSLAAGVPSRFSGSGSGTDFTLTISSLQPEDFATYYCQQSRSGLHTFGQGTKLEIK
22,5,2,0.9941433493159175,0.8045253753662109,0.6382697820663452,5.4356521517038345,7.51073694229126,NTTVFQGVAGQSLQVSCPYDSMKHWGRRKAWCRQLGEKGPCQRVVSTHNLWLLSFLRRWNGSTAITDDTLGGTLTITLRNLQPHDAGLYQCQSLHGSEADTLRKVLVEVLADPLDHRD/EVQLLESGGGLVQPGGSLRLSCAASGFTFSTETASWVRQAPGKGLEWVSTIYPSGIVVLAPRYQDGRFTISRDNSKNTLYLQMNSLRAEDTAVYYCARAGAAAAGQQPTRSAWGQGTLVTVSSDIQMTQSPSSLSASVGDRVTITCRASQSISSYLNWYQQKPGKAPKLLIYLGSGSLAEGVPSRFSGSGSGTDFTLTISSLQPEDFATYYCQQSRSGLHTFGQGTKLEIK
23,5,3,0.9813751306863706,0.8065147399902344,0.6366426944732666,5.422917038202286,6.297473430633545,NTTVFQGVAGQSLQVSCPYDSMKHWGRRKAWCRQLGEKGPCQRVVSTHNLWLLSFLRRWNGSTAITDDTLGGTLTITLRNLQPHDAGLYQCQSLHGSEADTLRKVLVEVLADPLDHRD/EVQLLESGGGLVQPGGSLRLSCAASGFTFSTETARWVRQAPGKGLEWVSTIYPSGIVVLAPRYQDGRFTISRDNSKNTLYLQMNSLRAEDTAVYYCAREGAAAAGQQPTRSAWGQGTLVTVSSDIQMTQSPSSLSASVGDRVTITCRASQSISSYLNWYQQKPGKAPKLLIYLGSGSLASGVPSRFSGSGSGTDFTLTISSLQPEDFATYYCQQSRSGLHTFGQGTKLEIK
24,6,0,0.9914773707141358,0.7803148627281189,0.6201295852661133,6.228581458330154,5.653944492340088,NTTVFQGVAGQSLQVSCPYDSMKHWGRRKAWCRQLGEKGPCQRVVSTHNLWLLSFLRRWNGSTAITDDTLGGTLTITLRNLQPHDAGLYQCQSLHGSEADTLRKVLVEVLADPLDHRD/EVQLLESGGGLVQPGGSLRLSCAASGFTFSTATFAWVRQAPGKGLEWVSSVRPSGTTVVSPRPSGARFTISRDNSKNTLYLQMNSLRAEDTAVYYCARIGPSESNGKLLGDSWGQGTLVTVSSDIQMTQSPSSLSASVGDRVTITCRASQSISSYLNWYQQKPGKAPKLLIYLAGGTVAAGVPSRFSGSGSGTDFTLTISSLQPEDFATYYCQQSRSGLHTFGQGTKLEIK
25,6,1,0.980113224326974,0.7986167669296265,0.6357853412628174,5.29285341501236,5.838168621063232,NTTVFQGVAGQSLQVSCPYDSMKHWGRRKAWCRQLGEKGPCQRVVSTHNLWLLSFLRRWNGSTAITDDTLGGTLTITLRNLQPHDAGLYQCQSLHGSEADTLRKVLVEVLADPLDHRD/EVQLLESGGGLVQPGGSLRLSCAASGFTFSTATFEWVRQAPGKGLEWVSRVDPSGTTVVSPRPSGSRFTISRDNSKNTLYLQMNSLRAEDTAVYYCARVGPAESNGKLLGEAWGQGTLVTVSSDIQMTQSPSSLSASVGDRVTITCRASQSISSYLNWYQQKPGKAPKLLIYGAGGTVAPGVPSRFSGSGSGTDFTLTISSLQPEDFATYYCQQSRSGLHTFGQGTKLEIK
26,6,2,0.9629126862889664,0.7823660969734192,0.6246841549873352,6.151503279805183,5.130970478057861,NTTVFQGVAGQSLQVSCPYDSMKHWGRRKAWCRQLGEKGPCQRVVSTHNLWLLSFLRRWNGSTAITDDTLGGTLTITLRNLQPHDAGLYQCQSLHGSEADTLRKVLVEVLADPLDHRD/EVQLLESGGGLVQPGGSLRLSCAASGFTFSTATFAWVRQAPGKGLEWVSQVRPSGTTVVSPRPSGARFTISRDNSKNTLYLQMNSLRAEDTAVYYCARIGPSESNGRLLGEAWGQGTLVTVSSDIQMTQSPSSLSASVGDRVTITCRASQSISSYLNWYQQKPGKAPKLLIYLAGGTVAPGVPSRFSGSGSGTDFTLTISSLQPEDFATYYCQQSRSGLHTFGQGTKLEIK
27,6,3,0.9504132861312778,0.7987417578697205,0.6462401151657104,5.386199593544006,4.413695812225342,NTTVFQGVAGQSLQVSCPYDSMKHWGRRKAWCRQLGEKGPCQRVVSTHNLWLLSFLRRWNGSTAITDDTLGGTLTITLRNLQPHDAGLYQCQSLHGSEADTLRKVLVEVLADPLDHRD/EVQLLESGGGLVQPGGSLRLSCAASGFTFSTATFSWVRQAPGKGLEWVSSVYPSGTTVVSPSPSGSRFTISRDNSKNTLYLQMNSLRAEDTAVYYCARVGPAESNGKLLGEAWGQGTLVTVSSDIQMTQSPSSLSASVGDRVTITCRASQSISSYLNWYQQKPGKAPKLLIYLAGGTVAPGVPSRFSGSGSGTDFTLTISSLQPEDFATYYCQQSRSGLHTFGQGTKLEIK
28,7,0,1.0459871735078536,0.7927395105361938,0.6151443719863892,5.8845763355493546,5.403414726257324,NTTVFQGVAGQSLQVSCPYDSMKHWGRRKAWCRQLGEKGPCQRVVSTHNLWLLSFLRRWNGSTAITDDTLGGTLTITLRNLQPHDAGLYQCQSLHGSEADTLRKVLVEVLADPLDHRD/EVQLLESGGGLVQPGGSLRLSCAASGFTFSEQTASWVRQAPGKGLEWVSSVRESNGVSTVVNAWGPRFTISRDNSKNTLYLQMNSLRAEDTAVYYCARRPAAGPGNPWGDVVWGQGTLVTVSSDIQMTQSPSSLSASVGDRVTITCRASQSISSYLNWYQQKPGKAPKLLIYLGGSANAKGVPSRFSGSGSGTDFTLTISSLQPEDFATYYCQQSRSGLHTFGQGTKLEIK
29,7,1,1.0067021455021112,0.7824150919914246,0.6081876158714294,6.126624792814255,5.19354772567749,NTTVFQGVAGQSLQVSCPYDSMKHWGRRKAWCRQLGEKGPCQRVVSTHNLWLLSFLRRWNGSTAITDDTLGGTLTITLRNLQPHDAGLYQCQSLHGSEADTLRKVLVEVLADPLDHRD/EVQLLESGGGLVQPGGSLRLSCAASGFTFSEATAHWVRQAPGKGLEWVSSVRESNGVTTVTNAWGDRFTISRDNSKNTLYLQMNSLRAEDTAVYYCARVDGAGPGNPHGNTVWGQGTLVTVSSDIQMTQSPSSLSASVGDRVTITCRASQSISSYLNWYQQKPGKAPKLLIYLGGSANAEGVPSRFSGSGSGTDFTLTISSLQPEDFATYYCQQSRSGLHTFGQGTKLEIK
30,7,2,1.0331519475737294,0.7878190875053406,0.6109169721603394,6.029430225491524,12.446425437927246,NTTVFQGVAGQSLQVSCPYDSMKHWGRRKAWCRQLGEKGPCQRVVSTHNLWLLSFLRRWNGSTAITDDTLGGTLTITLRNLQPHDAGLYQCQSLHGSEADTLRKVLVEVLADPLDHRD/EVQLLESGGGLVQPGGSLRLSCAASGFTFSTATAEWVRQAPGKGLEWVSSVRESNGVSTVTNAWGPRFTISRDNSKNTLYLQMNSLRAEDTAVYYCARVDAAGPGNPHGNTVWGQGTLVTVSSDIQMTQSPSSLSASVGDRVTITCRASQSISSYLNWYQQKPGKAPKLLIYLGGSANAEGVPSRFSGSGSGTDFTLTISSLQPEDFATYYCQQSRSGLHTFGQGTKLEIK
31,7,3,0.9907206423360985,0.7901469469070435,0.6114089488983154,5.978947550058365,5.008081912994385,NTTVFQGVAGQSLQVSCPYDSMKHWGRRKAWCRQLGEKGPCQRVVSTHNLWLLSFLRRWNGSTAITDDTLGGTLTITLRNLQPHDAGLYQCQSLHGSEADTLRKVLVEVLADPLDHRD/EVQLLESGGGLVQPGGSLRLSCAASGFTFSEQTASWVRQAPGKGLEWVSSVRVANGVETTVNAWGPRFTISRDNSKNTLYLQMNSLRAEDTAVYYCARHGPAGPGNPHGDTVWGQGTLVTVSSDIQMTQSPSSLSASVGDRVTITCRASQSISSYLNWYQQKPGKAPKLLIYLGGSANAEGVPSRFSGSGSGTDFTLTISSLQPEDFATYYCQQSRSGLHTFGQGTKLEIK
